{
	"pattrstorage" : 	{
		"name" : "clarInputEQ",
		"slots" : 		{
			"1" : 			{
				"id" : 1,
				"data" : 				{
					"InputEQ" : [ 1, 0, 5, 1, 0, 0, 1702.1529541015625, 0.264807671308517, 0.541281640529633 ]
				}

			}

		}

	}

}
